trial,baseline_acc,pipeline_a_acc,pipeline_b_acc,baseline_f1,pipeline_a_f1,pipeline_b_f1,drop_pp,credit_score_psi
0,0.648,0.54,0.54,0.7138211382113822,0.44711538461538464,0.44711538461538464,10.799999999999999,3.897692182183884
1,0.646,0.568,0.569,0.7059800664451827,0.503448275862069,0.505166475315729,7.800000000000007,4.081479227202258
2,0.637,0.524,0.524,0.6982543640897756,0.4292565947242206,0.4292565947242206,11.299999999999999,3.6673239928847146
3,0.65,0.54,0.54,0.7163695299837926,0.39473684210526316,0.39473684210526316,10.999999999999998,3.7772042747634282
4,0.622,0.526,0.527,0.6931818181818182,0.41625615763546797,0.4182041820418204,9.599999999999998,3.793940943035891
5,0.647,0.51,0.51,0.708505367464905,0.36528497409326427,0.36528497409326427,13.700000000000001,4.363116171947294
6,0.658,0.53,0.53,0.72508038585209,0.38961038961038963,0.38961038961038963,12.8,3.9125506425393297
7,0.635,0.489,0.488,0.7049312853678253,0.31039136302294196,0.3062330623306233,14.600000000000001,3.8871707517184504
8,0.66,0.531,0.529,0.7322834645669292,0.4287454323995128,0.4249084249084249,12.9,4.653775810855877
9,0.647,0.538,0.538,0.7123064384678076,0.4122137404580153,0.4122137404580153,10.899999999999999,3.966753322803612
10,0.628,0.514,0.514,0.6995153473344103,0.4,0.4,11.399999999999999,4.278020091289328
11,0.653,0.532,0.532,0.7076663858466723,0.3858267716535433,0.3858267716535433,12.1,4.359166005270797
12,0.646,0.509,0.509,0.7126623376623377,0.3680823680823681,0.3680823680823681,13.700000000000001,4.273651789293869
13,0.66,0.517,0.517,0.7301587301587301,0.36363636363636365,0.36363636363636365,14.3,3.8634887267504054
14,0.65,0.511,0.511,0.7140522875816994,0.3940520446096654,0.3940520446096654,13.900000000000002,3.9157564195899655
15,0.631,0.531,0.533,0.6942833471416736,0.3869281045751634,0.3895424836601307,9.999999999999998,3.775867505308757
16,0.649,0.537,0.537,0.7225296442687748,0.44014510278113667,0.44014510278113667,11.2,4.1848056332071994
17,0.642,0.526,0.526,0.711755233494364,0.45517241379310347,0.45517241379310347,11.6,3.9282347002078817
18,0.643,0.529,0.531,0.7109311740890688,0.42770352369380316,0.4315151515151515,11.399999999999999,4.361217025412117
19,0.65,0.522,0.522,0.7078464106844741,0.4156479217603912,0.4156479217603912,12.8,4.045836903654327
20,0.645,0.527,0.527,0.714859437751004,0.3751651254953765,0.3751651254953765,11.799999999999999,4.198226435654658
21,0.646,0.54,0.542,0.7084019769357496,0.3915343915343915,0.39577836411609496,10.599999999999998,4.0236030353109395
22,0.653,0.543,0.543,0.7125103562551781,0.37991858887381275,0.37991858887381275,10.999999999999998,4.395037744543826
23,0.623,0.533,0.533,0.6917416189697465,0.398970398970399,0.398970398970399,8.999999999999996,4.59813546064103
24,0.631,0.513,0.512,0.7069102462271644,0.3764404609475032,0.37435897435897436,11.799999999999999,3.8820132626942008
25,0.653,0.535,0.535,0.7153404429860541,0.41656210790464243,0.41802252816020025,11.799999999999999,4.462662418493782
26,0.644,0.554,0.552,0.7138263665594855,0.4837962962962963,0.4802784222737819,8.999999999999996,3.743933390328868
27,0.617,0.508,0.508,0.6810990840965861,0.3643410852713178,0.3643410852713178,10.899999999999999,4.09753999839683
28,0.652,0.552,0.551,0.7193548387096774,0.5033259423503326,0.5016648168701443,9.999999999999998,3.831801812123478
29,0.655,0.557,0.558,0.7215496368038741,0.4037685060565276,0.40591397849462363,9.799999999999997,4.081950950719298
